{
    "$schema": "https://schema.management.azure.com/schemas/2019-04-01/deploymentTemplate.json#",
    "contentVersion": "1.0.0.0",
    "parameters": {
        "vnetName": {
            "type": "string",
            "metadata": {
                "description": "VNet name"
            }
        },
        "vnetAddressPrefix": {
            "type": "string",
            "metadata": {
                "description": "Address prefix"
            }
        },
        "subnet1Prefix": {
            "type": "string",
            "metadata": {
                "description": "Subnet 1 Prefix"
            }
        },
        "subnet1Name": {
            "type": "string",
            "metadata": {
                "description": "Subnet 1 Name"
            }
        },
        "subnet2Prefix": {
            "type": "string",
            "metadata": {
                "description": "Subnet 2 Prefix"
            }
        },
        "subnet2Name": {
            "type": "string",
            "metadata": {
                "description": "Subnet 2 Name"
            }
        },
        "subnet3Prefix": {
            "type": "string",
            "metadata": {
                "description": "Subnet 3 Prefix"
            }
        },
        "subnet3Name": {
            "type": "string",
            "metadata": {
                "description": "Subnet 3 Name"
            }
        },
        "subnet4Prefix": {
            "type": "string",
            "metadata": {
                "description": "Subnet 4 Prefix"
            }
        },
        "subnet4Name": {
            "type": "string",
            "metadata": {
                "description": "Subnet 4 Name"
            }
        },
        "subnet5Prefix": {
            "type": "string",
            "metadata": {
                "description": "Subnet 5 Prefix"
            }
        },
        "subnet5Name": {
            "type": "string",
            "metadata": {
                "description": "Subnet 5 Name"
            }
        },
        "subnet6Prefix": {
            "type": "string",
            "metadata": {
                "description": "Subnet 6 Prefix"
            }
        },
        "subnet6Name": {
            "type": "string",
            "metadata": {
                "description": "Subnet 6 Name"
            }
        },
        "location": {
            "type": "string",
            "defaultValue": "[resourceGroup().location]",
            "metadata": {
                "description": "Location for all resources."
            }
        }
    },
    "variables": {},
    "resources": [
        {
            "type": "Microsoft.Network/virtualNetworks",
            "apiVersion": "2020-05-01",
            "name": "[parameters('vnetName')]",
            "location": "[parameters('location')]",
            "properties": {
                "addressSpace": {
                    "addressPrefixes": [
                        "[parameters('vnetAddressPrefix')]"
                    ]
                }
            },
            "resources": [
                {
                    "type": "subnets",
                    "apiVersion": "2020-05-01",
                    "location": "[parameters('location')]",
                    "name": "[parameters('subnet1Name')]",
                    "dependsOn": [
                        "[parameters('vnetName')]"
                    ],
                    "properties": {
                        "addressPrefix": "[parameters('subnet1Prefix')]"
                    }
                },
                {
                    "type": "subnets",
                    "apiVersion": "2020-05-01",
                    "location": "[parameters('location')]",
                    "name": "[parameters('subnet2Name')]",
                    "dependsOn": [
                        "[parameters('vnetName')]",
                        "[parameters('subnet1Name')]"
                    ],
                    "properties": {
                        "addressPrefix": "[parameters('subnet2Prefix')]"
                    }
                },
                {
                    "type": "subnets",
                    "apiVersion": "2020-05-01",
                    "location": "[parameters('location')]",
                    "name": "[parameters('subnet3Name')]",
                    "dependsOn": [
                        "[parameters('vnetName')]",
                        "[parameters('subnet2Name')]"
                    ],
                    "properties": {
                        "addressPrefix": "[parameters('subnet3Prefix')]"
                    }
                },
                {
                    "type": "subnets",
                    "apiVersion": "2020-05-01",
                    "location": "[parameters('location')]",
                    "name": "[parameters('subnet4Name')]",
                    "dependsOn": [
                        "[parameters('vnetName')]",
                        "[parameters('subnet3Name')]"
                    ],
                    "properties": {
                        "addressPrefix": "[parameters('subnet4Prefix')]"
                    }
                },
                {
                    "type": "subnets",
                    "apiVersion": "2020-05-01",
                    "location": "[parameters('location')]",
                    "name": "[parameters('subnet5Name')]",
                    "dependsOn": [
                        "[parameters('vnetName')]",
                        "[parameters('subnet4Name')]"
                    ],
                    "properties": {
                        "addressPrefix": "[parameters('subnet5Prefix')]"
                    }
                },
                {
                    "type": "subnets",
                    "apiVersion": "2020-05-01",
                    "location": "[parameters('location')]",
                    "name": "[parameters('subnet6Name')]",
                    "dependsOn": [
                        "[parameters('vnetName')]",
                        "[parameters('subnet5Name')]"
                    ],
                    "properties": {
                        "addressPrefix": "[parameters('subnet6Prefix')]"
                    }
                }

            ]
        }
    ]
}