{
    "$schema": "https://schema.management.azure.com/schemas/2019-04-01/deploymentTemplate.json#",
    "contentVersion": "1.0.0.0",
    "parameters": {
        "adminUsername": {
            "type": "string",
            "metadata": {
                "description": "User name for the Virtual Machine."
            }
        },
        "dnsLabelPrefix": {
            "type": "string",
            "metadata": {
                "description": "Unique DNS Name for the Public IP used to access the Virtual Machine."
            }
        },
        "location": {
            "type": "string",
            "defaultValue": "[resourceGroup().location]",
            "metadata": {
                "description": "Location for all resources."
            }
        },
        "authenticationType": {
            "type": "string",
            "defaultValue": "password",
            "allowedValues": [
                "sshPublicKey",
                "password"
            ],
            "metadata": {
                "description": "Type of authentication to use on the Virtual Machine. SSH key is recommended."
            }
        },
        "adminPasswordOrKey": {
            "type": "securestring",
            "metadata": {
                "description": "SSH Key or password for the Virtual Machine. SSH key is recommended."
            }
        },
        "vmSize": {
            "type": "string",
            "defaultValue": "Standard_D3_v2",
            "metadata": {
                "description": "Size of the virtual machine."
            }
        }
    },
    "variables": {
        "imagePublisher": "Canonical",
        "imageOffer": "UbuntuServer",
        "ubuntuOSVersion": "18.04-LTS",
        "nicName": "myVMNic2",
        "addressPrefix": "10.10.0.0/16",
        "subnetName": "workload2",
        "subnetPrefix": "10.10.3.0/24",
        "storageAccountName": "[concat('stglinuxvm2', uniquestring(resourceGroup().id))]",
        "storageAccountSkuName": "Standard_LRS",
        "storageAccountSkuType": "Standard",
        "storageAccountKind": "StorageV2",
        "publicIPAddressName": "myPublicIP22",
        "publicIPAddressType": "Dynamic",
        "vmName": "oreilly-linux",
        "virtualNetworkName": "oreilly-hub-vnet",
        "linuxConfiguration": {
            "disablePasswordAuthentication": false,
            "ssh": {
                "publicKeys": [
                    {
                        "path": "[concat('/home/', parameters('adminUsername'), '/.ssh/authorized_keys')]",
                        "keyData": "[parameters('adminPasswordOrKey')]"
                    }
                ]
            }
        },
        "networkSecurityGroupName": "default-NSG"
    },
    "resources": [
        {
            "type": "Microsoft.Storage/storageAccounts",
            "name": "[variables('storageAccountName')]",
            "apiVersion": "2019-06-01",
            "location": "[parameters('location')]",
            "sku": {
                "name": "[variables('storageAccountSkuName')]",
                "tier": "[variables('storageAccountSkuType')]"
            },
            "kind": "[variables('storageAccountKind')]",
            "properties": {}
        },
        {
            "type": "Microsoft.Network/publicIPAddresses",
            "name": "[variables('publicIPAddressName')]",
            "apiVersion": "2020-05-01",
            "location": "[parameters('location')]",
            "properties": {
                "publicIPAllocationMethod": "[variables('publicIPAddressType')]",
                "dnsSettings": {
                    "domainNameLabel": "[parameters('dnsLabelPrefix')]"
                }
            }
        },
        {
            "comments": "Default Network Security Group for template",
            "type": "Microsoft.Network/networkSecurityGroups",
            "apiVersion": "2020-05-01",
            "name": "[variables('networkSecurityGroupName')]",
            "location": "[parameters('location')]",
            "properties": {
                "securityRules": [
                    {
                        "name": "default-allow-22",
                        "properties": {
                            "priority": 1000,
                            "access": "Allow",
                            "direction": "Inbound",
                            "destinationPortRange": "22",
                            "protocol": "Tcp",
                            "sourceAddressPrefix": "*",
                            "sourcePortRange": "*",
                            "destinationAddressPrefix": "*"
                        }
                    }
                ]
            }
        },
        {
            "type": "Microsoft.Network/virtualNetworks",
            "name": "[variables('virtualNetworkName')]",
            "apiVersion": "2020-05-01",
            "location": "[parameters('location')]",
            "dependsOn": [
                "[resourceId('Microsoft.Network/networkSecurityGroups', variables('networkSecurityGroupName'))]"
            ],
            "properties": {
                "addressSpace": {
                    "addressPrefixes": [
                        "[variables('addressPrefix')]"
                    ]
                },
                "subnets": [
                    {
                        "name": "[variables('subnetName')]",
                        "properties": {
                            "addressPrefix": "[variables('subnetPrefix')]",
                            "networkSecurityGroup": {
                                "id": "[resourceId('Microsoft.Network/networkSecurityGroups', variables('networkSecurityGroupName'))]"
                            }
                        }
                    }
                ]
            }
        },
        {
            "type": "Microsoft.Network/networkInterfaces",
            "name": "[variables('nicName')]",
            "apiVersion": "2020-05-01",
            "location": "[parameters('location')]",
            "dependsOn": [
                "[resourceId('Microsoft.Network/publicIPAddresses/', variables('publicIPAddressName'))]",
                "[resourceId('Microsoft.Network/virtualNetworks/', variables('virtualNetworkName'))]"
            ],
            "properties": {
                "primary": true,
                "enableAcceleratedNetworking": true,
                "ipConfigurations": [
                    {
                        "name": "ipconfig1",
                        "properties": {
                            "privateIPAllocationMethod": "Dynamic",
                            "publicIPAddress": {
                                "id": "[resourceId('Microsoft.Network/publicIPAddresses',variables('publicIPAddressName'))]"
                            },
                            "subnet": {
                                "id": "[resourceId('Microsoft.Network/virtualNetworks/subnets', variables('virtualNetworkName'), variables('subnetName'))]"
                            }
                        }
                    }
                ]
            }
        },
        {
            "type": "Microsoft.Compute/virtualMachines",
            "name": "[variables('vmName')]",
            "apiVersion": "2019-07-01",
            "location": "[parameters('location')]",
            "dependsOn": [
                "[resourceId('Microsoft.Storage/storageAccounts/', variables('storageAccountName'))]",
                "[resourceId('Microsoft.Network/networkInterfaces/', variables('nicName'))]"
            ],
            "properties": {
                "hardwareProfile": {
                    "vmSize": "[parameters('vmSize')]"
                },
                "osProfile": {
                    "computerName": "[variables('vmName')]",
                    "adminUsername": "[parameters('adminUsername')]",
                    "adminPassword": "[parameters('adminPasswordOrKey')]",
                    "linuxConfiguration": "[if(equals(parameters('authenticationType'), 'password'), json('null'), variables('linuxConfiguration'))]"
                },
                "storageProfile": {
                    "imageReference": {
                        "publisher": "[variables('imagePublisher')]",
                        "offer": "[variables('imageOffer')]",
                        "sku": "[variables('ubuntuOSVersion')]",
                        "version": "latest"
                    },
                    "osDisk": {
                        "createOption": "FromImage"
                    },
                    "dataDisks": [
                        {
                            "diskSizeGB": 1023,
                            "lun": 0,
                            "createOption": "Empty"
                        }
                    ]
                },
                "networkProfile": {
                    "networkInterfaces": [
                        {
                            "id": "[resourceId('Microsoft.Network/networkInterfaces',variables('nicName'))]"
                        }
                    ]
                },
                "diagnosticsProfile": {
                    "bootDiagnostics": {
                        "enabled": true,
                        "storageUri": "[concat(reference(concat('Microsoft.Storage/storageAccounts/', variables('storageAccountName')), '2019-06-01').primaryEndpoints.blob)]"
                    }
                }
            }
        }
    ],
    "outputs": {
        "hostname": {
            "type": "string",
            "value": "[reference(variables('publicIPAddressName')).dnsSettings.fqdn]"
        },
        "sshCommand": {
            "type": "string",
            "value": "[concat('ssh ', parameters('adminUsername'), '@', reference(variables('publicIPAddressName')).dnsSettings.fqdn)]"
        }
    }
}