{
    "$schema": "https://schema.management.azure.com/schemas/2019-04-01/deploymentTemplate.json#",
    "contentVersion": "1.0.0.0",
    "parameters": {
        "vnet-name": {
            "type": "string",
            "defaultValue": "oreilly-vnet",
            "metadata": {
                "description": "Name of new or existing vnet to which Azure Bastion should be deployed"
            }
        },
        "vnet-ip-prefix": {
            "type": "string",
            "defaultValue": "10.10.0.0/16",
            "metadata": {
                "description": "IP prefix for available addresses in vnet address space"
            }
        },
        "vnet-new-or-existing": {
            "type": "string",
            "allowedValues": [
                "new",
                "existing"
            ],
            "defaultValue": "existing",
            "metadata": {
                "description": "Specify whether to provision new vnet or deploy to existing vnet"
            }
        },
        "bastion-subnet-ip-prefix": {
            "type": "string",
            "defaultValue": "10.10.3.0/24",
            "metadata": {
                "description": "Bastion subnet IP prefix MUST be within vnet IP prefix address space"
            }
        },
        "bastion-host-name": {
            "type": "string",
            "defaultValue": "test-bastion",
            "metadata": {
                "description": "Name of Azure Bastion resource"
            }
        },
        "location": {
            "type": "string",
            "defaultValue": "[resourceGroup().location]",
            "metadata": {
                "description": "Azure region for Bastion and virtual network"
            }
        }
    },
    "variables": {
        "public-ip-address-name": "[concat(parameters('bastion-host-name'),'-pip')]",
        "bastion-subnet-name": "AzureBastionSubnet"
    },
    "resources": [
        {
            "apiVersion": "2020-05-01",
            "type": "Microsoft.Network/publicIpAddresses",
            "name": "[variables('public-ip-address-name')]",
            "location": "[parameters('location')]",
            "sku": {
                "name": "Standard"
            },
            "properties": {
                "publicIPAllocationMethod": "Static"
            }
        },
        {
            "condition": "[equals(parameters('vnet-new-or-existing'), 'new')]",
            "apiVersion": "2020-05-01",
            "name": "[parameters('vnet-name')]",
            "type": "Microsoft.Network/virtualNetworks",
            "location": "[parameters('location')]",
            "properties": {
                "addressSpace": {
                    "addressPrefixes": [
                        "[parameters('vnet-ip-prefix')]"
                    ]
                },
                "subnets": [
                    {
                        "name": "[variables('bastion-subnet-name')]",
                        "properties": {
                            "addressPrefix": "[parameters('bastion-subnet-ip-prefix')]"
                        }
                    }
                ]
            }
        },
        {
            "condition": "[equals(parameters('vnet-new-or-existing'), 'existing')]",
            "apiVersion": "2020-05-01",
            "type": "Microsoft.Network/virtualNetworks/subnets",
            "name": "[concat(parameters('vnet-name'), '/', variables('bastion-subnet-name'))]",
            "location": "[parameters('location')]",
            "properties": {
                "addressPrefix": "[parameters('bastion-subnet-ip-prefix')]"
            }
        },
        {
            "apiVersion": "2020-05-01",
            "type": "Microsoft.Network/bastionHosts",
            "name": "[parameters('bastion-host-name')]",
            "location": "[parameters('location')]",
            "dependsOn": [
                "[resourceId('Microsoft.Network/publicIpAddresses', variables('public-ip-address-name'))]",
                "[resourceId('Microsoft.Network/virtualNetworks', parameters('vnet-name'))]",
                "[resourceId('Microsoft.Network/virtualNetworks/subnets', parameters('vnet-name'), variables('bastion-subnet-name'))]"
            ],
            "properties": {
                "ipConfigurations": [
                    {
                        "name": "IpConf",
                        "properties": {
                            "subnet": {
                                "id": "[resourceId('Microsoft.Network/virtualNetworks/subnets', parameters('vnet-name'), variables('bastion-subnet-name'))]"
                            },
                            "publicIPAddress": {
                                "id": "[resourceId('Microsoft.Network/publicIpAddresses', variables('public-ip-address-name'))]"
                            }
                        }
                    }
                ]
            }
        }
    ]
}